,coef,se_hc3,p_hc3,se_state_cluster,p_state_cluster,pct_effect,pct_lo,pct_hi
Elevation,0.13769194750076455,0.0811342217863769,0.08967994695180004,0.11467618062472681,0.22986672305523126,14.762196800060323,-2.110236736837534,34.54278951486647
Flood control & drainage,-0.2989374226938602,0.07464316899701783,6.204725539424736e-05,0.23658529402248943,0.20639147655428935,-25.83941843228308,-35.932652140874964,-14.156086645645871
Generators & warning,-1.3915923822149094,0.05287138940612537,1.122428184203841e-152,0.18011847544128778,1.1099294451413518e-14,-75.13210028333785,-77.58003661002373,-72.41688465046954
Other structural,-0.29619883927406804,0.06630596245003746,7.926766202608249e-06,0.16502582591574086,0.07267544306467452,-25.63604514294604,-34.69856259605469,-15.315833742308193
Safe room & wind retrofit,-0.9677509909969939,0.07661611034117898,1.4215170687076592e-36,0.4457960858358591,0.029943436020248893,-62.00634413030319,-67.30394664581073,-55.85039360232169
Program: BRIC/PDM,0.6740022838435026,0.08088517796614024,7.893373004755499e-17,0.1956244717917094,0.0005702394021438024,96.20744057488744,67.44257122789661,129.91381137208774
Program: FMA,0.29401479664265,0.07760062802337846,0.00015136464819086578,0.17014332947990374,0.08398071865422668,34.180375771079376,15.248486160909325,56.22221030244556
Region R1,-0.6947577964096031,0.08783500828073966,2.57792166385945e-15,0.2651523003024369,0.008787263411007152,-50.08046597520076,-57.97524132905545,-40.702577336250066
Region R10,-0.6295024311013724,0.08732984391213527,5.664176402796845e-13,0.2176479947831747,0.003824374161579466,-46.7143131938165,-55.09700905323027,-36.766697305918804
Region R2,-0.22209190348680902,0.08016804415326169,0.005599959779032415,0.23818909230407875,0.3511203151742708,-19.91582391976997,-31.56038639569003,-6.290013623843704
Region R3,-0.6195333965416461,0.07685269070706603,7.548088236799344e-16,0.21793992030098003,0.004473599789984139,-46.18044971009271,-53.706188856742244,-37.43129109754201
Region R4,-0.716872010994684,0.0527764561068831,5.0391440355603126e-42,0.3229651167730607,0.02644201171959827,-51.17228045815166,-55.97057229713772,-45.85107460975677
Region R5,-0.9049961272831373,0.09663058325970053,7.567325644751266e-21,0.2307846930313744,8.804068218246958e-05,-59.545654821776736,-66.5255789741206,-51.110310689657645
Region R7,-0.8912524821927678,0.07985471994093267,6.332970902707105e-29,0.2921331757632954,0.0022819979299510944,-58.98582642995369,-64.92792153016968,-52.03699047717079
Region R8,-1.2550197741871192,0.08308507121418998,1.495654225394908e-51,0.31886674937787574,8.289399777684438e-05,-71.49297888629778,-75.77690142335332,-66.45143270149035
Region R9,-0.017179898658402908,0.08084444487940812,0.8317125959454525,0.3274378048335111,0.9581560555167116,-1.7033165686928697,-16.107343148398336,15.173822551432758
