state,Other structural,Acquisition / buyout,Generators & warning,Safe room & wind retrofit,Flood control & drainage,Elevation
Florida,239.47959368,61.277086880000006,187.54813586,321.04690589,121.28778547,84.02652771
Texas,103.99361379999999,236.8184057,179.95849016999998,83.24450698000001,229.67771982,141.49742938
Louisiana,108.11796082,163.41096243,107.97848108,23.60978586,74.40513696,303.37420043000003
California,554.61595428,16.35311924,63.1096595,0.0,125.04462549,14.99276942
Puerto Rico,288.03257113999996,0.7041425,194.13325740000002,70.16701601000001,48.73860436,4.205663
North Carolina,16.15699306,284.66423006,12.458758869999999,0.0,2.34898575,74.55221719
New Jersey,45.320709840000006,115.28264099,7.23475289,0.0225,19.1242668,94.68387869
New York,124.26980605,6.0323869100000005,106.11287728999999,0.6449070600000001,16.85340886,1.77795589
Virgin Islands of the U.S.,56.33697703,2.13687468,10.85116772,82.52812492999999,3.0478802099999998,0.16890278
Kentucky,13.01122009,101.17082419,14.17781632,10.03983779,5.84451003,4.683913230000001
Iowa,51.865721619999995,74.4040925,7.65685652,6.89691767,1.73206,0.006
Missouri,5.18104197,21.40911548,3.38037006,109.86752473,0.0,0.0
