group1,group2,meandiff,p-adj,lower,upper,reject
Acquisition / buyout,Elevation,0.4374,0.0,0.193,0.6818,True
Acquisition / buyout,Flood control & drainage,0.0455,0.9906,-0.1682,0.2591,False
Acquisition / buyout,Generators & warning,-1.1707,0.0,-1.3251,-1.0164,True
Acquisition / buyout,Other structural,-0.0516,0.9583,-0.2247,0.1216,False
Acquisition / buyout,Safe room & wind retrofit,-0.8138,0.0,-1.0011,-0.6265,True
Elevation,Flood control & drainage,-0.3919,0.0005,-0.6628,-0.121,True
Elevation,Generators & warning,-1.6081,0.0,-1.8352,-1.381,True
Elevation,Other structural,-0.489,0.0,-0.7292,-0.2487,True
Elevation,Safe room & wind retrofit,-1.2512,0.0,-1.5018,-1.0006,True
Flood control & drainage,Generators & warning,-1.2162,0.0,-1.4098,-1.0226,True
Flood control & drainage,Other structural,-0.097,0.7717,-0.306,0.1119,False
Flood control & drainage,Safe room & wind retrofit,-0.8593,0.0,-1.0801,-0.6386,True
Generators & warning,Other structural,1.1192,0.0,0.9714,1.2669,True
Generators & warning,Safe room & wind retrofit,0.3569,0.0,0.1928,0.5209,True
Other structural,Safe room & wind retrofit,-0.7623,0.0,-0.9441,-0.5804,True
